Workbook
Name ScopeList: Lists!$A$1:$A$4
Name StatusList: Lists!$B$1:$B$5
Name DelivList: Lists!$C$1:$C$5
Name CapInList: Lists!$D$1:$D$6
Name HchbList: Lists!$E$1:$E$4

Sheet Compare
A1: Vendor comparison
A2: Computed from the Enter tab. Sort by HCHB, then scale, then total. The named columns carry the meaning — the total is a tiebreaker, not a ranking. | E2: Workforce supply | F2: Availability & reach | G2: The capacity math | H2: Demand | I2: Matching | J2: Routing & the week | K2: Exceptions | L2: Before the visit | M2: When plans change | N2: Incentives & offers | O2: Across the care team
A3: VENDOR | B3: HCHB | C3: CUST | D3: CENSUS | E3: 1 | F3: 2 | G3: 3 | H3: 4 | I3: 5 | J3: 6 | K3: 7 | L3: 8 | M3: 9 | N3: 10 | O3: 11 | P3: /22 | Q3: COVERAGE | R3: NOT IN SCOPE | S3: AUTOMATION FLAGS | T3: WHAT THEY ARE
A4: =IF(Enter!A4="","",Enter!A4) | B4: =IF(Enter!A4="","",Enter!B4) | C4: =IF(Enter!A4="","",Enter!C4) | D4: =IF(Enter!A4="","",Enter!D4) | E4: =IF(Enter!A4="","",IF(OR(Enter!E4="No",Enter!E4=""),0,IF(AND(Enter!E4="Yes",OR(Enter!F4="Production — multiple customers",Enter!F4="Production — one customer")),2,1))) | F4: =IF(Enter!A4="","",IF(OR(Enter!H4="No",Enter!H4=""),0,IF(AND(Enter!H4="Yes",OR(Enter!I4="Production — multiple customers",Enter!I4="Production — one customer")),2,1))) | G4: =IF(Enter!A4="","",IF(OR(Enter!K4="No",Enter!K4=""),0,IF(AND(Enter!K4="Yes",OR(Enter!L4="Production — multiple customers",Enter!L4="Production — one customer")),2,1))) | H4: =IF(Enter!A4="","",IF(OR(Enter!N4="No",Enter!N4=""),0,IF(AND(Enter!N4="Yes",OR(Enter!O4="Production — multiple customers",Enter!O4="Production — one customer")),2,1))) | I4: =IF(Enter!A4="","",IF(OR(Enter!Q4="No",Enter!Q4=""),0,IF(AND(Enter!Q4="Yes",OR(Enter!R4="Production — multiple customers",Enter!R4="Production — one customer")),2,1))) | J4: =IF(Enter!A4="","",IF(OR(Enter!T4="No",Enter!T4=""),0,IF(AND(Enter!T4="Yes",OR(Enter!U4="Production — multiple customers",Enter!U4="Production — one customer")),2,1))) | K4: =IF(Enter!A4="","",IF(OR(Enter!W4="No",Enter!W4=""),0,IF(AND(Enter!W4="Yes",OR(Enter!X4="Production — multiple customers",Enter!X4="Production — one customer")),2,1))) | L4: =IF(Enter!A4="","",IF(OR(Enter!Z4="No",Enter!Z4=""),0,IF(AND(Enter!Z4="Yes",OR(Enter!AA4="Production — multiple customers",Enter!AA4="Production — one customer")),2,1))) | M4: =IF(Enter!A4="","",IF(OR(Enter!AC4="No",Enter!AC4=""),0,IF(AND(Enter!AC4="Yes",OR(Enter!AD4="Production — multiple customers",Enter!AD4="Production — one customer")),2,1))) | N4: =IF(Enter!A4="","",IF(OR(Enter!AF4="No",Enter!AF4=""),0,IF(AND(Enter!AF4="Yes",OR(Enter!AG4="Production — multiple customers",Enter!AG4="Production — one customer")),2,1))) | O4: =IF(Enter!A4="","",IF(OR(Enter!AI4="No",Enter!AI4=""),0,IF(AND(Enter!AI4="Yes",OR(Enter!AJ4="Production — multiple customers",Enter!AJ4="Production — one customer")),2,1))) | P4: =IF(Enter!A4="","",SUM(E4:O4)) | Q4: =IF(Enter!A4="","",TEXTJOIN(" ",TRUE,E4:O4)) | R4: =IF(Enter!A4="","",IF(LEN(CONCAT(V4:AF4))=0,"—",LEFT(CONCAT(V4:AF4),LEN(CONCAT(V4:AF4))-2))) | S4: =IF(Enter!A4="","",IF(LEN(CONCAT(AH4:AR4))=0,"—",LEFT(CONCAT(AH4:AR4),LEN(CONCAT(AH4:AR4))-2))) | T4: =IF(Enter!A4="","",Enter!AO4) | V4: =IF(AND(Enter!A4<>"",E4=0),"Workforce supply, ","") | W4: =IF(AND(Enter!A4<>"",F4=0),"Availability & reach, ","") | X4: =IF(AND(Enter!A4<>"",G4=0),"The capacity math, ","") | Y4: =IF(AND(Enter!A4<>"",H4=0),"Demand, ","") | Z4: =IF(AND(Enter!A4<>"",I4=0),"Matching, ","") | AA4: =IF(AND(Enter!A4<>"",J4=0),"Routing & the week, ","") | AB4: =IF(AND(Enter!A4<>"",K4=0),"Exceptions, ","") | AC4: =IF(AND(Enter!A4<>"",L4=0),"Before the visit, ","") | AD4: =IF(AND(Enter!A4<>"",M4=0),"When plans change, ","") | AE4: =IF(AND(Enter!A4<>"",N4=0),"Incentives & offers, ","") | AF4: =IF(AND(Enter!A4<>"",O4=0),"Across the care team, ","") | AL4: =IF(Enter!S4="Automated end to end","Matching, ","") | AM4: =IF(Enter!V4="Automated end to end","Routing & the week, ","") | AN4: =IF(Enter!Y4="Automated end to end","Exceptions, ","") | AP4: =IF(Enter!AE4="Automated end to end","When plans change, ","") | AQ4: =IF(Enter!AH4="Automated end to end","Incentives & offers, ","") | AR4: =IF(Enter!AK4="Automated end to end","Across the care team, ","")
A5: =IF(Enter!A5="","",Enter!A5) | B5: =IF(Enter!A5="","",Enter!B5) | C5: =IF(Enter!A5="","",Enter!C5) | D5: =IF(Enter!A5="","",Enter!D5) | E5: =IF(Enter!A5="","",IF(OR(Enter!E5="No",Enter!E5=""),0,IF(AND(Enter!E5="Yes",OR(Enter!F5="Production — multiple customers",Enter!F5="Production — one customer")),2,1))) | F5: =IF(Enter!A5="","",IF(OR(Enter!H5="No",Enter!H5=""),0,IF(AND(Enter!H5="Yes",OR(Enter!I5="Production — multiple customers",Enter!I5="Production — one customer")),2,1))) | G5: =IF(Enter!A5="","",IF(OR(Enter!K5="No",Enter!K5=""),0,IF(AND(Enter!K5="Yes",OR(Enter!L5="Production — multiple customers",Enter!L5="Production — one customer")),2,1))) | H5: =IF(Enter!A5="","",IF(OR(Enter!N5="No",Enter!N5=""),0,IF(AND(Enter!N5="Yes",OR(Enter!O5="Production — multiple customers",Enter!O5="Production — one customer")),2,1))) | I5: =IF(Enter!A5="","",IF(OR(Enter!Q5="No",Enter!Q5=""),0,IF(AND(Enter!Q5="Yes",OR(Enter!R5="Production — multiple customers",Enter!R5="Production — one customer")),2,1))) | J5: =IF(Enter!A5="","",IF(OR(Enter!T5="No",Enter!T5=""),0,IF(AND(Enter!T5="Yes",OR(Enter!U5="Production — multiple customers",Enter!U5="Production — one customer")),2,1))) | K5: =IF(Enter!A5="","",IF(OR(Enter!W5="No",Enter!W5=""),0,IF(AND(Enter!W5="Yes",OR(Enter!X5="Production — multiple customers",Enter!X5="Production — one customer")),2,1))) | L5: =IF(Enter!A5="","",IF(OR(Enter!Z5="No",Enter!Z5=""),0,IF(AND(Enter!Z5="Yes",OR(Enter!AA5="Production — multiple customers",Enter!AA5="Production — one customer")),2,1))) | M5: =IF(Enter!A5="","",IF(OR(Enter!AC5="No",Enter!AC5=""),0,IF(AND(Enter!AC5="Yes",OR(Enter!AD5="Production — multiple customers",Enter!AD5="Production — one customer")),2,1))) | N5: =IF(Enter!A5="","",IF(OR(Enter!AF5="No",Enter!AF5=""),0,IF(AND(Enter!AF5="Yes",OR(Enter!AG5="Production — multiple customers",Enter!AG5="Production — one customer")),2,1))) | O5: =IF(Enter!A5="","",IF(OR(Enter!AI5="No",Enter!AI5=""),0,IF(AND(Enter!AI5="Yes",OR(Enter!AJ5="Production — multiple customers",Enter!AJ5="Production — one customer")),2,1))) | P5: =IF(Enter!A5="","",SUM(E5:O5)) | Q5: =IF(Enter!A5="","",TEXTJOIN(" ",TRUE,E5:O5)) | R5: =IF(Enter!A5="","",IF(LEN(CONCAT(V5:AF5))=0,"—",LEFT(CONCAT(V5:AF5),LEN(CONCAT(V5:AF5))-2))) | S5: =IF(Enter!A5="","",IF(LEN(CONCAT(AH5:AR5))=0,"—",LEFT(CONCAT(AH5:AR5),LEN(CONCAT(AH5:AR5))-2))) | T5: =IF(Enter!A5="","",Enter!AO5) | V5: =IF(AND(Enter!A5<>"",E5=0),"Workforce supply, ","") | W5: =IF(AND(Enter!A5<>"",F5=0),"Availability & reach, ","") | X5: =IF(AND(Enter!A5<>"",G5=0),"The capacity math, ","") | Y5: =IF(AND(Enter!A5<>"",H5=0),"Demand, ","") | Z5: =IF(AND(Enter!A5<>"",I5=0),"Matching, ","") | AA5: =IF(AND(Enter!A5<>"",J5=0),"Routing & the week, ","") | AB5: =IF(AND(Enter!A5<>"",K5=0),"Exceptions, ","") | AC5: =IF(AND(Enter!A5<>"",L5=0),"Before the visit, ","") | AD5: =IF(AND(Enter!A5<>"",M5=0),"When plans change, ","") | AE5: =IF(AND(Enter!A5<>"",N5=0),"Incentives & offers, ","") | AF5: =IF(AND(Enter!A5<>"",O5=0),"Across the care team, ","") | AL5: =IF(Enter!S5="Automated end to end","Matching, ","") | AM5: =IF(Enter!V5="Automated end to end","Routing & the week, ","") | AN5: =IF(Enter!Y5="Automated end to end","Exceptions, ","") | AP5: =IF(Enter!AE5="Automated end to end","When plans change, ","") | AQ5: =IF(Enter!AH5="Automated end to end","Incentives & offers, ","") | AR5: =IF(Enter!AK5="Automated end to end","Across the care team, ","")
A6: =IF(Enter!A6="","",Enter!A6) | B6: =IF(Enter!A6="","",Enter!B6) | C6: =IF(Enter!A6="","",Enter!C6) | D6: =IF(Enter!A6="","",Enter!D6) | E6: =IF(Enter!A6="","",IF(OR(Enter!E6="No",Enter!E6=""),0,IF(AND(Enter!E6="Yes",OR(Enter!F6="Production — multiple customers",Enter!F6="Production — one customer")),2,1))) | F6: =IF(Enter!A6="","",IF(OR(Enter!H6="No",Enter!H6=""),0,IF(AND(Enter!H6="Yes",OR(Enter!I6="Production — multiple customers",Enter!I6="Production — one customer")),2,1))) | G6: =IF(Enter!A6="","",IF(OR(Enter!K6="No",Enter!K6=""),0,IF(AND(Enter!K6="Yes",OR(Enter!L6="Production — multiple customers",Enter!L6="Production — one customer")),2,1))) | H6: =IF(Enter!A6="","",IF(OR(Enter!N6="No",Enter!N6=""),0,IF(AND(Enter!N6="Yes",OR(Enter!O6="Production — multiple customers",Enter!O6="Production — one customer")),2,1))) | I6: =IF(Enter!A6="","",IF(OR(Enter!Q6="No",Enter!Q6=""),0,IF(AND(Enter!Q6="Yes",OR(Enter!R6="Production — multiple customers",Enter!R6="Production — one customer")),2,1))) | J6: =IF(Enter!A6="","",IF(OR(Enter!T6="No",Enter!T6=""),0,IF(AND(Enter!T6="Yes",OR(Enter!U6="Production — multiple customers",Enter!U6="Production — one customer")),2,1))) | K6: =IF(Enter!A6="","",IF(OR(Enter!W6="No",Enter!W6=""),0,IF(AND(Enter!W6="Yes",OR(Enter!X6="Production — multiple customers",Enter!X6="Production — one customer")),2,1))) | L6: =IF(Enter!A6="","",IF(OR(Enter!Z6="No",Enter!Z6=""),0,IF(AND(Enter!Z6="Yes",OR(Enter!AA6="Production — multiple customers",Enter!AA6="Production — one customer")),2,1))) | M6: =IF(Enter!A6="","",IF(OR(Enter!AC6="No",Enter!AC6=""),0,IF(AND(Enter!AC6="Yes",OR(Enter!AD6="Production — multiple customers",Enter!AD6="Production — one customer")),2,1))) | N6: =IF(Enter!A6="","",IF(OR(Enter!AF6="No",Enter!AF6=""),0,IF(AND(Enter!AF6="Yes",OR(Enter!AG6="Production — multiple customers",Enter!AG6="Production — one customer")),2,1))) | O6: =IF(Enter!A6="","",IF(OR(Enter!AI6="No",Enter!AI6=""),0,IF(AND(Enter!AI6="Yes",OR(Enter!AJ6="Production — multiple customers",Enter!AJ6="Production — one customer")),2,1))) | P6: =IF(Enter!A6="","",SUM(E6:O6)) | Q6: =IF(Enter!A6="","",TEXTJOIN(" ",TRUE,E6:O6)) | R6: =IF(Enter!A6="","",IF(LEN(CONCAT(V6:AF6))=0,"—",LEFT(CONCAT(V6:AF6),LEN(CONCAT(V6:AF6))-2))) | S6: =IF(Enter!A6="","",IF(LEN(CONCAT(AH6:AR6))=0,"—",LEFT(CONCAT(AH6:AR6),LEN(CONCAT(AH6:AR6))-2))) | T6: =IF(Enter!A6="","",Enter!AO6) | V6: =IF(AND(Enter!A6<>"",E6=0),"Workforce supply, ","") | W6: =IF(AND(Enter!A6<>"",F6=0),"Availability & reach, ","") | X6: =IF(AND(Enter!A6<>"",G6=0),"The capacity math, ","") | Y6: =IF(AND(Enter!A6<>"",H6=0),"Demand, ","") | Z6: =IF(AND(Enter!A6<>"",I6=0),"Matching, ","") | AA6: =IF(AND(Enter!A6<>"",J6=0),"Routing & the week, ","") | AB6: =IF(AND(Enter!A6<>"",K6=0),"Exceptions, ","") | AC6: =IF(AND(Enter!A6<>"",L6=0),"Before the visit, ","") | AD6: =IF(AND(Enter!A6<>"",M6=0),"When plans change, ","") | AE6: =IF(AND(Enter!A6<>"",N6=0),"Incentives & offers, ","") | AF6: =IF(AND(Enter!A6<>"",O6=0),"Across the care team, ","") | AL6: =IF(Enter!S6="Automated end to end","Matching, ","") | AM6: =IF(Enter!V6="Automated end to end","Routing & the week, ","") | AN6: =IF(Enter!Y6="Automated end to end","Exceptions, ","") | AP6: =IF(Enter!AE6="Automated end to end","When plans change, ","") | AQ6: =IF(Enter!AH6="Automated end to end","Incentives & offers, ","") | AR6: =IF(Enter!AK6="Automated end to end","Across the care team, ","")
A7: =IF(Enter!A7="","",Enter!A7) | B7: =IF(Enter!A7="","",Enter!B7) | C7: =IF(Enter!A7="","",Enter!C7) | D7: =IF(Enter!A7="","",Enter!D7) | E7: =IF(Enter!A7="","",IF(OR(Enter!E7="No",Enter!E7=""),0,IF(AND(Enter!E7="Yes",OR(Enter!F7="Production — multiple customers",Enter!F7="Production — one customer")),2,1))) | F7: =IF(Enter!A7="","",IF(OR(Enter!H7="No",Enter!H7=""),0,IF(AND(Enter!H7="Yes",OR(Enter!I7="Production — multiple customers",Enter!I7="Production — one customer")),2,1))) | G7: =IF(Enter!A7="","",IF(OR(Enter!K7="No",Enter!K7=""),0,IF(AND(Enter!K7="Yes",OR(Enter!L7="Production — multiple customers",Enter!L7="Production — one customer")),2,1))) | H7: =IF(Enter!A7="","",IF(OR(Enter!N7="No",Enter!N7=""),0,IF(AND(Enter!N7="Yes",OR(Enter!O7="Production — multiple customers",Enter!O7="Production — one customer")),2,1))) | I7: =IF(Enter!A7="","",IF(OR(Enter!Q7="No",Enter!Q7=""),0,IF(AND(Enter!Q7="Yes",OR(Enter!R7="Production — multiple customers",Enter!R7="Production — one customer")),2,1))) | J7: =IF(Enter!A7="","",IF(OR(Enter!T7="No",Enter!T7=""),0,IF(AND(Enter!T7="Yes",OR(Enter!U7="Production — multiple customers",Enter!U7="Production — one customer")),2,1))) | K7: =IF(Enter!A7="","",IF(OR(Enter!W7="No",Enter!W7=""),0,IF(AND(Enter!W7="Yes",OR(Enter!X7="Production — multiple customers",Enter!X7="Production — one customer")),2,1))) | L7: =IF(Enter!A7="","",IF(OR(Enter!Z7="No",Enter!Z7=""),0,IF(AND(Enter!Z7="Yes",OR(Enter!AA7="Production — multiple customers",Enter!AA7="Production — one customer")),2,1))) | M7: =IF(Enter!A7="","",IF(OR(Enter!AC7="No",Enter!AC7=""),0,IF(AND(Enter!AC7="Yes",OR(Enter!AD7="Production — multiple customers",Enter!AD7="Production — one customer")),2,1))) | N7: =IF(Enter!A7="","",IF(OR(Enter!AF7="No",Enter!AF7=""),0,IF(AND(Enter!AF7="Yes",OR(Enter!AG7="Production — multiple customers",Enter!AG7="Production — one customer")),2,1))) | O7: =IF(Enter!A7="","",IF(OR(Enter!AI7="No",Enter!AI7=""),0,IF(AND(Enter!AI7="Yes",OR(Enter!AJ7="Production — multiple customers",Enter!AJ7="Production — one customer")),2,1))) | P7: =IF(Enter!A7="","",SUM(E7:O7)) | Q7: =IF(Enter!A7="","",TEXTJOIN(" ",TRUE,E7:O7)) | R7: =IF(Enter!A7="","",IF(LEN(CONCAT(V7:AF7))=0,"—",LEFT(CONCAT(V7:AF7),LEN(CONCAT(V7:AF7))-2))) | S7: =IF(Enter!A7="","",IF(LEN(CONCAT(AH7:AR7))=0,"—",LEFT(CONCAT(AH7:AR7),LEN(CONCAT(AH7:AR7))-2))) | T7: =IF(Enter!A7="","",Enter!AO7) | V7: =IF(AND(Enter!A7<>"",E7=0),"Workforce supply, ","") | W7: =IF(AND(Enter!A7<>"",F7=0),"Availability & reach, ","") | X7: =IF(AND(Enter!A7<>"",G7=0),"The capacity math, ","") | Y7: =IF(AND(Enter!A7<>"",H7=0),"Demand, ","") | Z7: =IF(AND(Enter!A7<>"",I7=0),"Matching, ","") | AA7: =IF(AND(Enter!A7<>"",J7=0),"Routing & the week, ","") | AB7: =IF(AND(Enter!A7<>"",K7=0),"Exceptions, ","") | AC7: =IF(AND(Enter!A7<>"",L7=0),"Before the visit, ","") | AD7: =IF(AND(Enter!A7<>"",M7=0),"When plans change, ","") | AE7: =IF(AND(Enter!A7<>"",N7=0),"Incentives & offers, ","") | AF7: =IF(AND(Enter!A7<>"",O7=0),"Across the care team, ","") | AL7: =IF(Enter!S7="Automated end to end","Matching, ","") | AM7: =IF(Enter!V7="Automated end to end","Routing & the week, ","") | AN7: =IF(Enter!Y7="Automated end to end","Exceptions, ","") | AP7: =IF(Enter!AE7="Automated end to end","When plans change, ","") | AQ7: =IF(Enter!AH7="Automated end to end","Incentives & offers, ","") | AR7: =IF(Enter!AK7="Automated end to end","Across the care team, ","")
A8: =IF(Enter!A8="","",Enter!A8) | B8: =IF(Enter!A8="","",Enter!B8) | C8: =IF(Enter!A8="","",Enter!C8) | D8: =IF(Enter!A8="","",Enter!D8) | E8: =IF(Enter!A8="","",IF(OR(Enter!E8="No",Enter!E8=""),0,IF(AND(Enter!E8="Yes",OR(Enter!F8="Production — multiple customers",Enter!F8="Production — one customer")),2,1))) | F8: =IF(Enter!A8="","",IF(OR(Enter!H8="No",Enter!H8=""),0,IF(AND(Enter!H8="Yes",OR(Enter!I8="Production — multiple customers",Enter!I8="Production — one customer")),2,1))) | G8: =IF(Enter!A8="","",IF(OR(Enter!K8="No",Enter!K8=""),0,IF(AND(Enter!K8="Yes",OR(Enter!L8="Production — multiple customers",Enter!L8="Production — one customer")),2,1))) | H8: =IF(Enter!A8="","",IF(OR(Enter!N8="No",Enter!N8=""),0,IF(AND(Enter!N8="Yes",OR(Enter!O8="Production — multiple customers",Enter!O8="Production — one customer")),2,1))) | I8: =IF(Enter!A8="","",IF(OR(Enter!Q8="No",Enter!Q8=""),0,IF(AND(Enter!Q8="Yes",OR(Enter!R8="Production — multiple customers",Enter!R8="Production — one customer")),2,1))) | J8: =IF(Enter!A8="","",IF(OR(Enter!T8="No",Enter!T8=""),0,IF(AND(Enter!T8="Yes",OR(Enter!U8="Production — multiple customers",Enter!U8="Production — one customer")),2,1))) | K8: =IF(Enter!A8="","",IF(OR(Enter!W8="No",Enter!W8=""),0,IF(AND(Enter!W8="Yes",OR(Enter!X8="Production — multiple customers",Enter!X8="Production — one customer")),2,1))) | L8: =IF(Enter!A8="","",IF(OR(Enter!Z8="No",Enter!Z8=""),0,IF(AND(Enter!Z8="Yes",OR(Enter!AA8="Production — multiple customers",Enter!AA8="Production — one customer")),2,1))) | M8: =IF(Enter!A8="","",IF(OR(Enter!AC8="No",Enter!AC8=""),0,IF(AND(Enter!AC8="Yes",OR(Enter!AD8="Production — multiple customers",Enter!AD8="Production — one customer")),2,1))) | N8: =IF(Enter!A8="","",IF(OR(Enter!AF8="No",Enter!AF8=""),0,IF(AND(Enter!AF8="Yes",OR(Enter!AG8="Production — multiple customers",Enter!AG8="Production — one customer")),2,1))) | O8: =IF(Enter!A8="","",IF(OR(Enter!AI8="No",Enter!AI8=""),0,IF(AND(Enter!AI8="Yes",OR(Enter!AJ8="Production — multiple customers",Enter!AJ8="Production — one customer")),2,1))) | P8: =IF(Enter!A8="","",SUM(E8:O8)) | Q8: =IF(Enter!A8="","",TEXTJOIN(" ",TRUE,E8:O8)) | R8: =IF(Enter!A8="","",IF(LEN(CONCAT(V8:AF8))=0,"—",LEFT(CONCAT(V8:AF8),LEN(CONCAT(V8:AF8))-2))) | S8: =IF(Enter!A8="","",IF(LEN(CONCAT(AH8:AR8))=0,"—",LEFT(CONCAT(AH8:AR8),LEN(CONCAT(AH8:AR8))-2))) | T8: =IF(Enter!A8="","",Enter!AO8) | V8: =IF(AND(Enter!A8<>"",E8=0),"Workforce supply, ","") | W8: =IF(AND(Enter!A8<>"",F8=0),"Availability & reach, ","") | X8: =IF(AND(Enter!A8<>"",G8=0),"The capacity math, ","") | Y8: =IF(AND(Enter!A8<>"",H8=0),"Demand, ","") | Z8: =IF(AND(Enter!A8<>"",I8=0),"Matching, ","") | AA8: =IF(AND(Enter!A8<>"",J8=0),"Routing & the week, ","") | AB8: =IF(AND(Enter!A8<>"",K8=0),"Exceptions, ","") | AC8: =IF(AND(Enter!A8<>"",L8=0),"Before the visit, ","") | AD8: =IF(AND(Enter!A8<>"",M8=0),"When plans change, ","") | AE8: =IF(AND(Enter!A8<>"",N8=0),"Incentives & offers, ","") | AF8: =IF(AND(Enter!A8<>"",O8=0),"Across the care team, ","") | AL8: =IF(Enter!S8="Automated end to end","Matching, ","") | AM8: =IF(Enter!V8="Automated end to end","Routing & the week, ","") | AN8: =IF(Enter!Y8="Automated end to end","Exceptions, ","") | AP8: =IF(Enter!AE8="Automated end to end","When plans change, ","") | AQ8: =IF(Enter!AH8="Automated end to end","Incentives & offers, ","") | AR8: =IF(Enter!AK8="Automated end to end","Across the care team, ","")
A9: =IF(Enter!A9="","",Enter!A9) | B9: =IF(Enter!A9="","",Enter!B9) | C9: =IF(Enter!A9="","",Enter!C9) | D9: =IF(Enter!A9="","",Enter!D9) | E9: =IF(Enter!A9="","",IF(OR(Enter!E9="No",Enter!E9=""),0,IF(AND(Enter!E9="Yes",OR(Enter!F9="Production — multiple customers",Enter!F9="Production — one customer")),2,1))) | F9: =IF(Enter!A9="","",IF(OR(Enter!H9="No",Enter!H9=""),0,IF(AND(Enter!H9="Yes",OR(Enter!I9="Production — multiple customers",Enter!I9="Production — one customer")),2,1))) | G9: =IF(Enter!A9="","",IF(OR(Enter!K9="No",Enter!K9=""),0,IF(AND(Enter!K9="Yes",OR(Enter!L9="Production — multiple customers",Enter!L9="Production — one customer")),2,1))) | H9: =IF(Enter!A9="","",IF(OR(Enter!N9="No",Enter!N9=""),0,IF(AND(Enter!N9="Yes",OR(Enter!O9="Production — multiple customers",Enter!O9="Production — one customer")),2,1))) | I9: =IF(Enter!A9="","",IF(OR(Enter!Q9="No",Enter!Q9=""),0,IF(AND(Enter!Q9="Yes",OR(Enter!R9="Production — multiple customers",Enter!R9="Production — one customer")),2,1))) | J9: =IF(Enter!A9="","",IF(OR(Enter!T9="No",Enter!T9=""),0,IF(AND(Enter!T9="Yes",OR(Enter!U9="Production — multiple customers",Enter!U9="Production — one customer")),2,1))) | K9: =IF(Enter!A9="","",IF(OR(Enter!W9="No",Enter!W9=""),0,IF(AND(Enter!W9="Yes",OR(Enter!X9="Production — multiple customers",Enter!X9="Production — one customer")),2,1))) | L9: =IF(Enter!A9="","",IF(OR(Enter!Z9="No",Enter!Z9=""),0,IF(AND(Enter!Z9="Yes",OR(Enter!AA9="Production — multiple customers",Enter!AA9="Production — one customer")),2,1))) | M9: =IF(Enter!A9="","",IF(OR(Enter!AC9="No",Enter!AC9=""),0,IF(AND(Enter!AC9="Yes",OR(Enter!AD9="Production — multiple customers",Enter!AD9="Production — one customer")),2,1))) | N9: =IF(Enter!A9="","",IF(OR(Enter!AF9="No",Enter!AF9=""),0,IF(AND(Enter!AF9="Yes",OR(Enter!AG9="Production — multiple customers",Enter!AG9="Production — one customer")),2,1))) | O9: =IF(Enter!A9="","",IF(OR(Enter!AI9="No",Enter!AI9=""),0,IF(AND(Enter!AI9="Yes",OR(Enter!AJ9="Production — multiple customers",Enter!AJ9="Production — one customer")),2,1))) | P9: =IF(Enter!A9="","",SUM(E9:O9)) | Q9: =IF(Enter!A9="","",TEXTJOIN(" ",TRUE,E9:O9)) | R9: =IF(Enter!A9="","",IF(LEN(CONCAT(V9:AF9))=0,"—",LEFT(CONCAT(V9:AF9),LEN(CONCAT(V9:AF9))-2))) | S9: =IF(Enter!A9="","",IF(LEN(CONCAT(AH9:AR9))=0,"—",LEFT(CONCAT(AH9:AR9),LEN(CONCAT(AH9:AR9))-2))) | T9: =IF(Enter!A9="","",Enter!AO9) | V9: =IF(AND(Enter!A9<>"",E9=0),"Workforce supply, ","") | W9: =IF(AND(Enter!A9<>"",F9=0),"Availability & reach, ","") | X9: =IF(AND(Enter!A9<>"",G9=0),"The capacity math, ","") | Y9: =IF(AND(Enter!A9<>"",H9=0),"Demand, ","") | Z9: =IF(AND(Enter!A9<>"",I9=0),"Matching, ","") | AA9: =IF(AND(Enter!A9<>"",J9=0),"Routing & the week, ","") | AB9: =IF(AND(Enter!A9<>"",K9=0),"Exceptions, ","") | AC9: =IF(AND(Enter!A9<>"",L9=0),"Before the visit, ","") | AD9: =IF(AND(Enter!A9<>"",M9=0),"When plans change, ","") | AE9: =IF(AND(Enter!A9<>"",N9=0),"Incentives & offers, ","") | AF9: =IF(AND(Enter!A9<>"",O9=0),"Across the care team, ","") | AL9: =IF(Enter!S9="Automated end to end","Matching, ","") | AM9: =IF(Enter!V9="Automated end to end","Routing & the week, ","") | AN9: =IF(Enter!Y9="Automated end to end","Exceptions, ","") | AP9: =IF(Enter!AE9="Automated end to end","When plans change, ","") | AQ9: =IF(Enter!AH9="Automated end to end","Incentives & offers, ","") | AR9: =IF(Enter!AK9="Automated end to end","Across the care team, ","")
A10: =IF(Enter!A10="","",Enter!A10) | B10: =IF(Enter!A10="","",Enter!B10) | C10: =IF(Enter!A10="","",Enter!C10) | D10: =IF(Enter!A10="","",Enter!D10) | E10: =IF(Enter!A10="","",IF(OR(Enter!E10="No",Enter!E10=""),0,IF(AND(Enter!E10="Yes",OR(Enter!F10="Production — multiple customers",Enter!F10="Production — one customer")),2,1))) | F10: =IF(Enter!A10="","",IF(OR(Enter!H10="No",Enter!H10=""),0,IF(AND(Enter!H10="Yes",OR(Enter!I10="Production — multiple customers",Enter!I10="Production — one customer")),2,1))) | G10: =IF(Enter!A10="","",IF(OR(Enter!K10="No",Enter!K10=""),0,IF(AND(Enter!K10="Yes",OR(Enter!L10="Production — multiple customers",Enter!L10="Production — one customer")),2,1))) | H10: =IF(Enter!A10="","",IF(OR(Enter!N10="No",Enter!N10=""),0,IF(AND(Enter!N10="Yes",OR(Enter!O10="Production — multiple customers",Enter!O10="Production — one customer")),2,1))) | I10: =IF(Enter!A10="","",IF(OR(Enter!Q10="No",Enter!Q10=""),0,IF(AND(Enter!Q10="Yes",OR(Enter!R10="Production — multiple customers",Enter!R10="Production — one customer")),2,1))) | J10: =IF(Enter!A10="","",IF(OR(Enter!T10="No",Enter!T10=""),0,IF(AND(Enter!T10="Yes",OR(Enter!U10="Production — multiple customers",Enter!U10="Production — one customer")),2,1))) | K10: =IF(Enter!A10="","",IF(OR(Enter!W10="No",Enter!W10=""),0,IF(AND(Enter!W10="Yes",OR(Enter!X10="Production — multiple customers",Enter!X10="Production — one customer")),2,1))) | L10: =IF(Enter!A10="","",IF(OR(Enter!Z10="No",Enter!Z10=""),0,IF(AND(Enter!Z10="Yes",OR(Enter!AA10="Production — multiple customers",Enter!AA10="Production — one customer")),2,1))) | M10: =IF(Enter!A10="","",IF(OR(Enter!AC10="No",Enter!AC10=""),0,IF(AND(Enter!AC10="Yes",OR(Enter!AD10="Production — multiple customers",Enter!AD10="Production — one customer")),2,1))) | N10: =IF(Enter!A10="","",IF(OR(Enter!AF10="No",Enter!AF10=""),0,IF(AND(Enter!AF10="Yes",OR(Enter!AG10="Production — multiple customers",Enter!AG10="Production — one customer")),2,1))) | O10: =IF(Enter!A10="","",IF(OR(Enter!AI10="No",Enter!AI10=""),0,IF(AND(Enter!AI10="Yes",OR(Enter!AJ10="Production — multiple customers",Enter!AJ10="Production — one customer")),2,1))) | P10: =IF(Enter!A10="","",SUM(E10:O10)) | Q10: =IF(Enter!A10="","",TEXTJOIN(" ",TRUE,E10:O10)) | R10: =IF(Enter!A10="","",IF(LEN(CONCAT(V10:AF10))=0,"—",LEFT(CONCAT(V10:AF10),LEN(CONCAT(V10:AF10))-2))) | S10: =IF(Enter!A10="","",IF(LEN(CONCAT(AH10:AR10))=0,"—",LEFT(CONCAT(AH10:AR10),LEN(CONCAT(AH10:AR10))-2))) | T10: =IF(Enter!A10="","",Enter!AO10) | V10: =IF(AND(Enter!A10<>"",E10=0),"Workforce supply, ","") | W10: =IF(AND(Enter!A10<>"",F10=0),"Availability & reach, ","") | X10: =IF(AND(Enter!A10<>"",G10=0),"The capacity math, ","") | Y10: =IF(AND(Enter!A10<>"",H10=0),"Demand, ","") | Z10: =IF(AND(Enter!A10<>"",I10=0),"Matching, ","") | AA10: =IF(AND(Enter!A10<>"",J10=0),"Routing & the week, ","") | AB10: =IF(AND(Enter!A10<>"",K10=0),"Exceptions, ","") | AC10: =IF(AND(Enter!A10<>"",L10=0),"Before the visit, ","") | AD10: =IF(AND(Enter!A10<>"",M10=0),"When plans change, ","") | AE10: =IF(AND(Enter!A10<>"",N10=0),"Incentives & offers, ","") | AF10: =IF(AND(Enter!A10<>"",O10=0),"Across the care team, ","") | AL10: =IF(Enter!S10="Automated end to end","Matching, ","") | AM10: =IF(Enter!V10="Automated end to end","Routing & the week, ","") | AN10: =IF(Enter!Y10="Automated end to end","Exceptions, ","") | AP10: =IF(Enter!AE10="Automated end to end","When plans change, ","") | AQ10: =IF(Enter!AH10="Automated end to end","Incentives & offers, ","") | AR10: =IF(Enter!AK10="Automated end to end","Across the care team, ","")
A11: =IF(Enter!A11="","",Enter!A11) | B11: =IF(Enter!A11="","",Enter!B11) | C11: =IF(Enter!A11="","",Enter!C11) | D11: =IF(Enter!A11="","",Enter!D11) | E11: =IF(Enter!A11="","",IF(OR(Enter!E11="No",Enter!E11=""),0,IF(AND(Enter!E11="Yes",OR(Enter!F11="Production — multiple customers",Enter!F11="Production — one customer")),2,1))) | F11: =IF(Enter!A11="","",IF(OR(Enter!H11="No",Enter!H11=""),0,IF(AND(Enter!H11="Yes",OR(Enter!I11="Production — multiple customers",Enter!I11="Production — one customer")),2,1))) | G11: =IF(Enter!A11="","",IF(OR(Enter!K11="No",Enter!K11=""),0,IF(AND(Enter!K11="Yes",OR(Enter!L11="Production — multiple customers",Enter!L11="Production — one customer")),2,1))) | H11: =IF(Enter!A11="","",IF(OR(Enter!N11="No",Enter!N11=""),0,IF(AND(Enter!N11="Yes",OR(Enter!O11="Production — multiple customers",Enter!O11="Production — one customer")),2,1))) | I11: =IF(Enter!A11="","",IF(OR(Enter!Q11="No",Enter!Q11=""),0,IF(AND(Enter!Q11="Yes",OR(Enter!R11="Production — multiple customers",Enter!R11="Production — one customer")),2,1))) | J11: =IF(Enter!A11="","",IF(OR(Enter!T11="No",Enter!T11=""),0,IF(AND(Enter!T11="Yes",OR(Enter!U11="Production — multiple customers",Enter!U11="Production — one customer")),2,1))) | K11: =IF(Enter!A11="","",IF(OR(Enter!W11="No",Enter!W11=""),0,IF(AND(Enter!W11="Yes",OR(Enter!X11="Production — multiple customers",Enter!X11="Production — one customer")),2,1))) | L11: =IF(Enter!A11="","",IF(OR(Enter!Z11="No",Enter!Z11=""),0,IF(AND(Enter!Z11="Yes",OR(Enter!AA11="Production — multiple customers",Enter!AA11="Production — one customer")),2,1))) | M11: =IF(Enter!A11="","",IF(OR(Enter!AC11="No",Enter!AC11=""),0,IF(AND(Enter!AC11="Yes",OR(Enter!AD11="Production — multiple customers",Enter!AD11="Production — one customer")),2,1))) | N11: =IF(Enter!A11="","",IF(OR(Enter!AF11="No",Enter!AF11=""),0,IF(AND(Enter!AF11="Yes",OR(Enter!AG11="Production — multiple customers",Enter!AG11="Production — one customer")),2,1))) | O11: =IF(Enter!A11="","",IF(OR(Enter!AI11="No",Enter!AI11=""),0,IF(AND(Enter!AI11="Yes",OR(Enter!AJ11="Production — multiple customers",Enter!AJ11="Production — one customer")),2,1))) | P11: =IF(Enter!A11="","",SUM(E11:O11)) | Q11: =IF(Enter!A11="","",TEXTJOIN(" ",TRUE,E11:O11)) | R11: =IF(Enter!A11="","",IF(LEN(CONCAT(V11:AF11))=0,"—",LEFT(CONCAT(V11:AF11),LEN(CONCAT(V11:AF11))-2))) | S11: =IF(Enter!A11="","",IF(LEN(CONCAT(AH11:AR11))=0,"—",LEFT(CONCAT(AH11:AR11),LEN(CONCAT(AH11:AR11))-2))) | T11: =IF(Enter!A11="","",Enter!AO11) | V11: =IF(AND(Enter!A11<>"",E11=0),"Workforce supply, ","") | W11: =IF(AND(Enter!A11<>"",F11=0),"Availability & reach, ","") | X11: =IF(AND(Enter!A11<>"",G11=0),"The capacity math, ","") | Y11: =IF(AND(Enter!A11<>"",H11=0),"Demand, ","") | Z11: =IF(AND(Enter!A11<>"",I11=0),"Matching, ","") | AA11: =IF(AND(Enter!A11<>"",J11=0),"Routing & the week, ","") | AB11: =IF(AND(Enter!A11<>"",K11=0),"Exceptions, ","") | AC11: =IF(AND(Enter!A11<>"",L11=0),"Before the visit, ","") | AD11: =IF(AND(Enter!A11<>"",M11=0),"When plans change, ","") | AE11: =IF(AND(Enter!A11<>"",N11=0),"Incentives & offers, ","") | AF11: =IF(AND(Enter!A11<>"",O11=0),"Across the care team, ","") | AL11: =IF(Enter!S11="Automated end to end","Matching, ","") | AM11: =IF(Enter!V11="Automated end to end","Routing & the week, ","") | AN11: =IF(Enter!Y11="Automated end to end","Exceptions, ","") | AP11: =IF(Enter!AE11="Automated end to end","When plans change, ","") | AQ11: =IF(Enter!AH11="Automated end to end","Incentives & offers, ","") | AR11: =IF(Enter!AK11="Automated end to end","Across the care team, ","")
A12: =IF(Enter!A12="","",Enter!A12) | B12: =IF(Enter!A12="","",Enter!B12) | C12: =IF(Enter!A12="","",Enter!C12) | D12: =IF(Enter!A12="","",Enter!D12) | E12: =IF(Enter!A12="","",IF(OR(Enter!E12="No",Enter!E12=""),0,IF(AND(Enter!E12="Yes",OR(Enter!F12="Production — multiple customers",Enter!F12="Production — one customer")),2,1))) | F12: =IF(Enter!A12="","",IF(OR(Enter!H12="No",Enter!H12=""),0,IF(AND(Enter!H12="Yes",OR(Enter!I12="Production — multiple customers",Enter!I12="Production — one customer")),2,1))) | G12: =IF(Enter!A12="","",IF(OR(Enter!K12="No",Enter!K12=""),0,IF(AND(Enter!K12="Yes",OR(Enter!L12="Production — multiple customers",Enter!L12="Production — one customer")),2,1))) | H12: =IF(Enter!A12="","",IF(OR(Enter!N12="No",Enter!N12=""),0,IF(AND(Enter!N12="Yes",OR(Enter!O12="Production — multiple customers",Enter!O12="Production — one customer")),2,1))) | I12: =IF(Enter!A12="","",IF(OR(Enter!Q12="No",Enter!Q12=""),0,IF(AND(Enter!Q12="Yes",OR(Enter!R12="Production — multiple customers",Enter!R12="Production — one customer")),2,1))) | J12: =IF(Enter!A12="","",IF(OR(Enter!T12="No",Enter!T12=""),0,IF(AND(Enter!T12="Yes",OR(Enter!U12="Production — multiple customers",Enter!U12="Production — one customer")),2,1))) | K12: =IF(Enter!A12="","",IF(OR(Enter!W12="No",Enter!W12=""),0,IF(AND(Enter!W12="Yes",OR(Enter!X12="Production — multiple customers",Enter!X12="Production — one customer")),2,1))) | L12: =IF(Enter!A12="","",IF(OR(Enter!Z12="No",Enter!Z12=""),0,IF(AND(Enter!Z12="Yes",OR(Enter!AA12="Production — multiple customers",Enter!AA12="Production — one customer")),2,1))) | M12: =IF(Enter!A12="","",IF(OR(Enter!AC12="No",Enter!AC12=""),0,IF(AND(Enter!AC12="Yes",OR(Enter!AD12="Production — multiple customers",Enter!AD12="Production — one customer")),2,1))) | N12: =IF(Enter!A12="","",IF(OR(Enter!AF12="No",Enter!AF12=""),0,IF(AND(Enter!AF12="Yes",OR(Enter!AG12="Production — multiple customers",Enter!AG12="Production — one customer")),2,1))) | O12: =IF(Enter!A12="","",IF(OR(Enter!AI12="No",Enter!AI12=""),0,IF(AND(Enter!AI12="Yes",OR(Enter!AJ12="Production — multiple customers",Enter!AJ12="Production — one customer")),2,1))) | P12: =IF(Enter!A12="","",SUM(E12:O12)) | Q12: =IF(Enter!A12="","",TEXTJOIN(" ",TRUE,E12:O12)) | R12: =IF(Enter!A12="","",IF(LEN(CONCAT(V12:AF12))=0,"—",LEFT(CONCAT(V12:AF12),LEN(CONCAT(V12:AF12))-2))) | S12: =IF(Enter!A12="","",IF(LEN(CONCAT(AH12:AR12))=0,"—",LEFT(CONCAT(AH12:AR12),LEN(CONCAT(AH12:AR12))-2))) | T12: =IF(Enter!A12="","",Enter!AO12) | V12: =IF(AND(Enter!A12<>"",E12=0),"Workforce supply, ","") | W12: =IF(AND(Enter!A12<>"",F12=0),"Availability & reach, ","") | X12: =IF(AND(Enter!A12<>"",G12=0),"The capacity math, ","") | Y12: =IF(AND(Enter!A12<>"",H12=0),"Demand, ","") | Z12: =IF(AND(Enter!A12<>"",I12=0),"Matching, ","") | AA12: =IF(AND(Enter!A12<>"",J12=0),"Routing & the week, ","") | AB12: =IF(AND(Enter!A12<>"",K12=0),"Exceptions, ","") | AC12: =IF(AND(Enter!A12<>"",L12=0),"Before the visit, ","") | AD12: =IF(AND(Enter!A12<>"",M12=0),"When plans change, ","") | AE12: =IF(AND(Enter!A12<>"",N12=0),"Incentives & offers, ","") | AF12: =IF(AND(Enter!A12<>"",O12=0),"Across the care team, ","") | AL12: =IF(Enter!S12="Automated end to end","Matching, ","") | AM12: =IF(Enter!V12="Automated end to end","Routing & the week, ","") | AN12: =IF(Enter!Y12="Automated end to end","Exceptions, ","") | AP12: =IF(Enter!AE12="Automated end to end","When plans change, ","") | AQ12: =IF(Enter!AH12="Automated end to end","Incentives & offers, ","") | AR12: =IF(Enter!AK12="Automated end to end","Across the care team, ","")
A13: =IF(Enter!A13="","",Enter!A13) | B13: =IF(Enter!A13="","",Enter!B13) | C13: =IF(Enter!A13="","",Enter!C13) | D13: =IF(Enter!A13="","",Enter!D13) | E13: =IF(Enter!A13="","",IF(OR(Enter!E13="No",Enter!E13=""),0,IF(AND(Enter!E13="Yes",OR(Enter!F13="Production — multiple customers",Enter!F13="Production — one customer")),2,1))) | F13: =IF(Enter!A13="","",IF(OR(Enter!H13="No",Enter!H13=""),0,IF(AND(Enter!H13="Yes",OR(Enter!I13="Production — multiple customers",Enter!I13="Production — one customer")),2,1))) | G13: =IF(Enter!A13="","",IF(OR(Enter!K13="No",Enter!K13=""),0,IF(AND(Enter!K13="Yes",OR(Enter!L13="Production — multiple customers",Enter!L13="Production — one customer")),2,1))) | H13: =IF(Enter!A13="","",IF(OR(Enter!N13="No",Enter!N13=""),0,IF(AND(Enter!N13="Yes",OR(Enter!O13="Production — multiple customers",Enter!O13="Production — one customer")),2,1))) | I13: =IF(Enter!A13="","",IF(OR(Enter!Q13="No",Enter!Q13=""),0,IF(AND(Enter!Q13="Yes",OR(Enter!R13="Production — multiple customers",Enter!R13="Production — one customer")),2,1))) | J13: =IF(Enter!A13="","",IF(OR(Enter!T13="No",Enter!T13=""),0,IF(AND(Enter!T13="Yes",OR(Enter!U13="Production — multiple customers",Enter!U13="Production — one customer")),2,1))) | K13: =IF(Enter!A13="","",IF(OR(Enter!W13="No",Enter!W13=""),0,IF(AND(Enter!W13="Yes",OR(Enter!X13="Production — multiple customers",Enter!X13="Production — one customer")),2,1))) | L13: =IF(Enter!A13="","",IF(OR(Enter!Z13="No",Enter!Z13=""),0,IF(AND(Enter!Z13="Yes",OR(Enter!AA13="Production — multiple customers",Enter!AA13="Production — one customer")),2,1))) | M13: =IF(Enter!A13="","",IF(OR(Enter!AC13="No",Enter!AC13=""),0,IF(AND(Enter!AC13="Yes",OR(Enter!AD13="Production — multiple customers",Enter!AD13="Production — one customer")),2,1))) | N13: =IF(Enter!A13="","",IF(OR(Enter!AF13="No",Enter!AF13=""),0,IF(AND(Enter!AF13="Yes",OR(Enter!AG13="Production — multiple customers",Enter!AG13="Production — one customer")),2,1))) | O13: =IF(Enter!A13="","",IF(OR(Enter!AI13="No",Enter!AI13=""),0,IF(AND(Enter!AI13="Yes",OR(Enter!AJ13="Production — multiple customers",Enter!AJ13="Production — one customer")),2,1))) | P13: =IF(Enter!A13="","",SUM(E13:O13)) | Q13: =IF(Enter!A13="","",TEXTJOIN(" ",TRUE,E13:O13)) | R13: =IF(Enter!A13="","",IF(LEN(CONCAT(V13:AF13))=0,"—",LEFT(CONCAT(V13:AF13),LEN(CONCAT(V13:AF13))-2))) | S13: =IF(Enter!A13="","",IF(LEN(CONCAT(AH13:AR13))=0,"—",LEFT(CONCAT(AH13:AR13),LEN(CONCAT(AH13:AR13))-2))) | T13: =IF(Enter!A13="","",Enter!AO13) | V13: =IF(AND(Enter!A13<>"",E13=0),"Workforce supply, ","") | W13: =IF(AND(Enter!A13<>"",F13=0),"Availability & reach, ","") | X13: =IF(AND(Enter!A13<>"",G13=0),"The capacity math, ","") | Y13: =IF(AND(Enter!A13<>"",H13=0),"Demand, ","") | Z13: =IF(AND(Enter!A13<>"",I13=0),"Matching, ","") | AA13: =IF(AND(Enter!A13<>"",J13=0),"Routing & the week, ","") | AB13: =IF(AND(Enter!A13<>"",K13=0),"Exceptions, ","") | AC13: =IF(AND(Enter!A13<>"",L13=0),"Before the visit, ","") | AD13: =IF(AND(Enter!A13<>"",M13=0),"When plans change, ","") | AE13: =IF(AND(Enter!A13<>"",N13=0),"Incentives & offers, ","") | AF13: =IF(AND(Enter!A13<>"",O13=0),"Across the care team, ","") | AL13: =IF(Enter!S13="Automated end to end","Matching, ","") | AM13: =IF(Enter!V13="Automated end to end","Routing & the week, ","") | AN13: =IF(Enter!Y13="Automated end to end","Exceptions, ","") | AP13: =IF(Enter!AE13="Automated end to end","When plans change, ","") | AQ13: =IF(Enter!AH13="Automated end to end","Incentives & offers, ","") | AR13: =IF(Enter!AK13="Automated end to end","Across the care team, ","")
A14: =IF(Enter!A14="","",Enter!A14) | B14: =IF(Enter!A14="","",Enter!B14) | C14: =IF(Enter!A14="","",Enter!C14) | D14: =IF(Enter!A14="","",Enter!D14) | E14: =IF(Enter!A14="","",IF(OR(Enter!E14="No",Enter!E14=""),0,IF(AND(Enter!E14="Yes",OR(Enter!F14="Production — multiple customers",Enter!F14="Production — one customer")),2,1))) | F14: =IF(Enter!A14="","",IF(OR(Enter!H14="No",Enter!H14=""),0,IF(AND(Enter!H14="Yes",OR(Enter!I14="Production — multiple customers",Enter!I14="Production — one customer")),2,1))) | G14: =IF(Enter!A14="","",IF(OR(Enter!K14="No",Enter!K14=""),0,IF(AND(Enter!K14="Yes",OR(Enter!L14="Production — multiple customers",Enter!L14="Production — one customer")),2,1))) | H14: =IF(Enter!A14="","",IF(OR(Enter!N14="No",Enter!N14=""),0,IF(AND(Enter!N14="Yes",OR(Enter!O14="Production — multiple customers",Enter!O14="Production — one customer")),2,1))) | I14: =IF(Enter!A14="","",IF(OR(Enter!Q14="No",Enter!Q14=""),0,IF(AND(Enter!Q14="Yes",OR(Enter!R14="Production — multiple customers",Enter!R14="Production — one customer")),2,1))) | J14: =IF(Enter!A14="","",IF(OR(Enter!T14="No",Enter!T14=""),0,IF(AND(Enter!T14="Yes",OR(Enter!U14="Production — multiple customers",Enter!U14="Production — one customer")),2,1))) | K14: =IF(Enter!A14="","",IF(OR(Enter!W14="No",Enter!W14=""),0,IF(AND(Enter!W14="Yes",OR(Enter!X14="Production — multiple customers",Enter!X14="Production — one customer")),2,1))) | L14: =IF(Enter!A14="","",IF(OR(Enter!Z14="No",Enter!Z14=""),0,IF(AND(Enter!Z14="Yes",OR(Enter!AA14="Production — multiple customers",Enter!AA14="Production — one customer")),2,1))) | M14: =IF(Enter!A14="","",IF(OR(Enter!AC14="No",Enter!AC14=""),0,IF(AND(Enter!AC14="Yes",OR(Enter!AD14="Production — multiple customers",Enter!AD14="Production — one customer")),2,1))) | N14: =IF(Enter!A14="","",IF(OR(Enter!AF14="No",Enter!AF14=""),0,IF(AND(Enter!AF14="Yes",OR(Enter!AG14="Production — multiple customers",Enter!AG14="Production — one customer")),2,1))) | O14: =IF(Enter!A14="","",IF(OR(Enter!AI14="No",Enter!AI14=""),0,IF(AND(Enter!AI14="Yes",OR(Enter!AJ14="Production — multiple customers",Enter!AJ14="Production — one customer")),2,1))) | P14: =IF(Enter!A14="","",SUM(E14:O14)) | Q14: =IF(Enter!A14="","",TEXTJOIN(" ",TRUE,E14:O14)) | R14: =IF(Enter!A14="","",IF(LEN(CONCAT(V14:AF14))=0,"—",LEFT(CONCAT(V14:AF14),LEN(CONCAT(V14:AF14))-2))) | S14: =IF(Enter!A14="","",IF(LEN(CONCAT(AH14:AR14))=0,"—",LEFT(CONCAT(AH14:AR14),LEN(CONCAT(AH14:AR14))-2))) | T14: =IF(Enter!A14="","",Enter!AO14) | V14: =IF(AND(Enter!A14<>"",E14=0),"Workforce supply, ","") | W14: =IF(AND(Enter!A14<>"",F14=0),"Availability & reach, ","") | X14: =IF(AND(Enter!A14<>"",G14=0),"The capacity math, ","") | Y14: =IF(AND(Enter!A14<>"",H14=0),"Demand, ","") | Z14: =IF(AND(Enter!A14<>"",I14=0),"Matching, ","") | AA14: =IF(AND(Enter!A14<>"",J14=0),"Routing & the week, ","") | AB14: =IF(AND(Enter!A14<>"",K14=0),"Exceptions, ","") | AC14: =IF(AND(Enter!A14<>"",L14=0),"Before the visit, ","") | AD14: =IF(AND(Enter!A14<>"",M14=0),"When plans change, ","") | AE14: =IF(AND(Enter!A14<>"",N14=0),"Incentives & offers, ","") | AF14: =IF(AND(Enter!A14<>"",O14=0),"Across the care team, ","") | AL14: =IF(Enter!S14="Automated end to end","Matching, ","") | AM14: =IF(Enter!V14="Automated end to end","Routing & the week, ","") | AN14: =IF(Enter!Y14="Automated end to end","Exceptions, ","") | AP14: =IF(Enter!AE14="Automated end to end","When plans change, ","") | AQ14: =IF(Enter!AH14="Automated end to end","Incentives & offers, ","") | AR14: =IF(Enter!AK14="Automated end to end","Across the care team, ","")
A15: =IF(Enter!A15="","",Enter!A15) | B15: =IF(Enter!A15="","",Enter!B15) | C15: =IF(Enter!A15="","",Enter!C15) | D15: =IF(Enter!A15="","",Enter!D15) | E15: =IF(Enter!A15="","",IF(OR(Enter!E15="No",Enter!E15=""),0,IF(AND(Enter!E15="Yes",OR(Enter!F15="Production — multiple customers",Enter!F15="Production — one customer")),2,1))) | F15: =IF(Enter!A15="","",IF(OR(Enter!H15="No",Enter!H15=""),0,IF(AND(Enter!H15="Yes",OR(Enter!I15="Production — multiple customers",Enter!I15="Production — one customer")),2,1))) | G15: =IF(Enter!A15="","",IF(OR(Enter!K15="No",Enter!K15=""),0,IF(AND(Enter!K15="Yes",OR(Enter!L15="Production — multiple customers",Enter!L15="Production — one customer")),2,1))) | H15: =IF(Enter!A15="","",IF(OR(Enter!N15="No",Enter!N15=""),0,IF(AND(Enter!N15="Yes",OR(Enter!O15="Production — multiple customers",Enter!O15="Production — one customer")),2,1))) | I15: =IF(Enter!A15="","",IF(OR(Enter!Q15="No",Enter!Q15=""),0,IF(AND(Enter!Q15="Yes",OR(Enter!R15="Production — multiple customers",Enter!R15="Production — one customer")),2,1))) | J15: =IF(Enter!A15="","",IF(OR(Enter!T15="No",Enter!T15=""),0,IF(AND(Enter!T15="Yes",OR(Enter!U15="Production — multiple customers",Enter!U15="Production — one customer")),2,1))) | K15: =IF(Enter!A15="","",IF(OR(Enter!W15="No",Enter!W15=""),0,IF(AND(Enter!W15="Yes",OR(Enter!X15="Production — multiple customers",Enter!X15="Production — one customer")),2,1))) | L15: =IF(Enter!A15="","",IF(OR(Enter!Z15="No",Enter!Z15=""),0,IF(AND(Enter!Z15="Yes",OR(Enter!AA15="Production — multiple customers",Enter!AA15="Production — one customer")),2,1))) | M15: =IF(Enter!A15="","",IF(OR(Enter!AC15="No",Enter!AC15=""),0,IF(AND(Enter!AC15="Yes",OR(Enter!AD15="Production — multiple customers",Enter!AD15="Production — one customer")),2,1))) | N15: =IF(Enter!A15="","",IF(OR(Enter!AF15="No",Enter!AF15=""),0,IF(AND(Enter!AF15="Yes",OR(Enter!AG15="Production — multiple customers",Enter!AG15="Production — one customer")),2,1))) | O15: =IF(Enter!A15="","",IF(OR(Enter!AI15="No",Enter!AI15=""),0,IF(AND(Enter!AI15="Yes",OR(Enter!AJ15="Production — multiple customers",Enter!AJ15="Production — one customer")),2,1))) | P15: =IF(Enter!A15="","",SUM(E15:O15)) | Q15: =IF(Enter!A15="","",TEXTJOIN(" ",TRUE,E15:O15)) | R15: =IF(Enter!A15="","",IF(LEN(CONCAT(V15:AF15))=0,"—",LEFT(CONCAT(V15:AF15),LEN(CONCAT(V15:AF15))-2))) | S15: =IF(Enter!A15="","",IF(LEN(CONCAT(AH15:AR15))=0,"—",LEFT(CONCAT(AH15:AR15),LEN(CONCAT(AH15:AR15))-2))) | T15: =IF(Enter!A15="","",Enter!AO15) | V15: =IF(AND(Enter!A15<>"",E15=0),"Workforce supply, ","") | W15: =IF(AND(Enter!A15<>"",F15=0),"Availability & reach, ","") | X15: =IF(AND(Enter!A15<>"",G15=0),"The capacity math, ","") | Y15: =IF(AND(Enter!A15<>"",H15=0),"Demand, ","") | Z15: =IF(AND(Enter!A15<>"",I15=0),"Matching, ","") | AA15: =IF(AND(Enter!A15<>"",J15=0),"Routing & the week, ","") | AB15: =IF(AND(Enter!A15<>"",K15=0),"Exceptions, ","") | AC15: =IF(AND(Enter!A15<>"",L15=0),"Before the visit, ","") | AD15: =IF(AND(Enter!A15<>"",M15=0),"When plans change, ","") | AE15: =IF(AND(Enter!A15<>"",N15=0),"Incentives & offers, ","") | AF15: =IF(AND(Enter!A15<>"",O15=0),"Across the care team, ","") | AL15: =IF(Enter!S15="Automated end to end","Matching, ","") | AM15: =IF(Enter!V15="Automated end to end","Routing & the week, ","") | AN15: =IF(Enter!Y15="Automated end to end","Exceptions, ","") | AP15: =IF(Enter!AE15="Automated end to end","When plans change, ","") | AQ15: =IF(Enter!AH15="Automated end to end","Incentives & offers, ","") | AR15: =IF(Enter!AK15="Automated end to end","Across the care team, ","")

Sheet Lists
A1: Yes | B1: Production — multiple customers | C1: Automated end to end | D1: Live feed from a source system | E1: Live-write
A2: Through a partner | B2: Production — one customer | C2: Automated, person approves | D2: Imported on a schedule | E2: Live-read
A3: No | B3: In development — target date in notes | C3: System prepares it, person does it | D3: Maintained by staff in your product | E3: Building
A4: Other — see notes | B4: Roadmap — no date yet | C4: Person does it | D4: Entered by the clinician | E4: None
B5: Other — see notes | C5: Other — see notes | D5: Derived from FT/PT allocation
D6: Other — see notes

Sheet Enter
A1: Vendor scoring — enter the marks here
A2: One row per vendor. Only the cream cells are typed in. Everything computed lives on the Compare tab. | E2: 1. Workforce supply | H2: 2. Availability & reach | K2: 3. The capacity math | N2: 4. Demand | Q2: 5. Matching | T2: 6. Routing & the week | W2: 7. Exceptions | Z2: 8. Before the visit | AC2: 9. When plans change | AF2: 10. Incentives & offers | AI2: 11. Across the care team
A3: VENDOR | B3: HCHB | C3: HH CUST | D3: TOP CENSUS | E3: SCOPE | F3: STATUS | G3: HOW | H3: SCOPE | I3: STATUS | J3: HOW | K3: SCOPE | L3: STATUS | M3: HOW | N3: SCOPE | O3: STATUS | P3: HOW | Q3: SCOPE | R3: STATUS | S3: HOW | T3: SCOPE | U3: STATUS | V3: HOW | W3: SCOPE | X3: STATUS | Y3: HOW | Z3: SCOPE | AA3: STATUS | AB3: HOW | AC3: SCOPE | AD3: STATUS | AE3: HOW | AF3: SCOPE | AG3: STATUS | AH3: HOW | AI3: SCOPE | AJ3: STATUS | AK3: HOW | AL3: IMPACT (A3) | AM3: CONTINUITY (C6) | AN3: CONTRADICTIONS | AO3: WHAT THEY ARE (<=20 words) | AP3: CALL Q1 | AQ3: CALL Q2 | AR3: CALL Q3
